year,school,city,uil_prnk_sum_prnk,tea_math_prnk
2011,ABILENE,ABILENE,0,0.6046647719013327
2011,ALAMO HEIGHTS,SAN ANTONIO,0.6998050682261124,0.9466221943918723
2011,AMERICAS,EL PASO,0.6858813700918887,0.3070205916445922
2011,ANDERSON,AUSTIN,0.6452241715399548,0.9827211123100901
2011,ANDRESS,EL PASO,0.5632135895293754,0.1463900570084709
2011,ARLINGTON HEIGHTS,FORT WORTH,0.491576162628792,0.6325905551460966
2011,AUSTIN,AUSTIN,0.22994987468671663,0.8884151383449527
2011,AUSTIN,EL PASO,0.6791283764967901,0.22411725226175225
2011,AUSTIN,HOUSTON,0.8458646616541206,0.09290827419871622
2011,BEL AIR,EL PASO,0.4896268448900006,0.1745389664881406
2011,BERKNER,RICHARDSON,0.5039682539682514,0.798448047009105
2011,BOSWELL,FORT WORTH,0.22243107769423548,0.8318407782723318
2011,BOWIE,AUSTIN,0.7052353104984598,0.9650551339346729
2011,BOWIE,EL PASO,0.1567808409913673,0.14573707265903021
2011,BRANDEIS,SAN ANTONIO,0.3911166805903638,0.7851215050557303
2011,BRENNAN,SAN ANTONIO,0.22994987468671663,NaN
2011,BREWER,FORT WORTH,0.19890002784739624,0.4815795887121234
2011,BURBANK,SAN ANTONIO,0.7568922305764307,0.2243031385462409
2011,BURGES,EL PASO,0.7034948482316817,0.567745258510039
2011,CALALLEN,CORPUS CHRISTI,0.929754942912817,0.4684663510089766
2011,CANUTILLO,EL PASO,0.8084099136730591,0.17971201773741763
2011,CARNEGIE VANGUARD,HOUSTON,0.560080757449175,0.9938294948599263
2011,CARROLL,CORPUS CHRISTI,0.3045808966861593,0.5583222135928072
2011,CARTER-RIVERSIDE,FORT WORTH,0.19890002784739624,0.14961432200845964
2011,CASTLEBERRY,FORT WORTH,0.4191033138401542,0.4577883803664291
2011,CENTRAL,SAN ANGELO,0.5407964355332745,0.7261062146079407
2011,CHAPEL HILL,MT PLEASANT,0.0985797827903091,0.7092082213940545
2011,CHAPIN,EL PASO,0.9596908939013975,0.5828589523712314
2011,CHURCHILL,SAN ANTONIO,0.8384851016429823,0.8724439747724619
2011,CLARK,SAN ANTONIO,0.461292119186854,0.8697889146823955
2011,CLEAR LAKE,HOUSTON,0.9314257866889238,0.9792634288891238
2011,COOPER,ABILENE,0.1675020885547201,0.6865225714641331
2011,CORONADO,EL PASO,0.810707323865206,0.8436730619907662
2011,CORONADO,LUBBOCK,0.9126287942077224,0.702515688217271
2011,CROCKETT,AUSTIN,0.7568922305764307,0.2032768188873672
2011,CYPRESS FALLS,HOUSTON,0.8305485937064748,0.875997129974281
2011,DAVIS,HOUSTON,0.9649818991924024,0.13118255274468466
2011,DEL VALLE,EL PASO,0.8762183235867277,0.10376011486790182
2011,DUNBAR,FORT WORTH,0.491576162628792,0.13051960012568792
2011,EAST CENTRAL,SAN ANTONIO,0.3700222779170138,0.4289237512224189
2011,EASTERN HILLS,FORT WORTH,0.11194653299916457,0.07712834675768762
2011,EASTWOOD,EL PASO,0.7295321637426806,0.26547451596214605
2011,ECONOMEDES,EDINBURG,0.1567808409913673,0.3780565493871538
2011,EDINBURG,EDINBURG,0.3996101364522405,0.5172091620476169
2011,EDINBURG NORTH,EDINBURG,0.9226538568643633,0.4386443500307905
2011,EDISON,SAN ANTONIO,0.1339459760512392,0.17330724781385604
2011,EL PASO,EL PASO,0.4191033138401542,0.3399088699543312
2011,ESTACADO,LUBBOCK,0.22994987468671663,0.04050021194589064
2011,FLOUR BLUFF,CORPUS CHRISTI,0.8791423001949148,0.7498616667498397
2011,FRANKLIN,EL PASO,0.6858813700918887,0.760799418438197
2011,GRAPE CREEK,SAN ANGELO,0.22243107769423548,0.47195052244181357
2011,GREENWOOD,MIDLAND,0.5768588137009149,0.7431218626595638
2011,HASTINGS,HOUSTON,0.1675020885547201,0.3752000445709124
2011,HEALTH CAREERS,SAN ANTONIO,0.7649679754942809,0.965175453246977
2011,HIGHLAND PARK,AMARILLO,0.8257449178501677,0.47471651871414045
2011,HIRSCHI,WICHITA FALLS,0.9950570871623245,0.3415607710433512
2011,HOLMES,SAN ANTONIO,0.21449456975772757,0.30274844626651304
2011,HORIZON,EL PASO,0.4695071010860464,0.3555577156955899
2011,HUNTSVILLE,HUNTSVILLE,0.8010303536619204,0.4828035647367842
2011,IRVIN,EL PASO,0.08862433862433862,0.23926497825496174
2011,JAY,SAN ANTONIO,0.917084377610674,0.7659415408846586
2011,JEFFERSON,EL PASO,0.7659426343636765,0.24318961345600193
2011,JOHNSON,SAN ANTONIO,0.7866889445836698,0.8880270236652985
2011,JONES,HOUSTON,0.4191033138401542,0.026583682180972113
2011,KASHMERE,HOUSTON,0,0.01468378350205831
2011,KERR,HOUSTON,0.7567529935950885,0.9065743475339166
2011,KILGORE,KILGORE,0.0985797827903091,0.4602897681919662
2011,KING,CORPUS CHRISTI,0.9283625730993946,0.6293356852598087
2011,KLEIN FOREST,HOUSTON,0.5694096351991051,0.3338413180217368
2011,LA VEGA,WACO,0,0.08527157662247276
2011,LAKE TRAVIS,AUSTIN,0.90128098022833,0.9520625708071055
2011,LAKE VIEW,SAN ANGELO,0.7052353104984598,0.45750509969983144
2011,LAMAR,HOUSTON,0.3045808966861593,0.7092082213940545
2011,LANGHAM CREEK,HOUSTON,0.591200222779166,0.8918972304427355
2011,LANIER,AUSTIN,0,0.11337301665917268
2011,LEE,MIDLAND,0.7825118351434027,0.7190283775109483
2011,LEE,SAN ANTONIO,0,0.2868284406057062
2011,LUBBOCK,LUBBOCK,0.8809523809523636,0.8297028665733952
2011,MACARTHUR,HOUSTON,0.69841269841269,0.35027499258335637
2011,MACARTHUR,SAN ANTONIO,0.8598579782790151,0.7968424764307891
2011,MADISON,SAN ANTONIO,0.4191033138401542,0.5947139206947039
2011,MARSHALL,SAN ANTONIO,0.47403230297966925,0.715372028776492
2011,MCCALLUM,AUSTIN,0.5768588137009149,0.7574841015504606
2011,MCNEIL,AUSTIN,0.6699387357282022,0.9592718657649835
2011,MEMORIAL,HOUSTON,0.32101086048454414,0.9860489470038312
2011,MIDLAND,MIDLAND,0.1924255082149819,0.6932968674389001
2011,MILBY,HOUSTON,0.1339459760512392,0.1268434924837576
2011,MISSION EARLY COLLEGE,EL PASO,0.4191033138401542,0.6173415164258271
2011,MONTEREY,LUBBOCK,0.1675020885547201,0.5179283507533541
2011,MONTWOOD,EL PASO,0.6858813700918887,0.552393130746331
2011,MOODY,CORPUS CHRISTI,0.5138540796435506,0.1766630856128488
2011,NORTH CROWLEY,FORT WORTH,0,0.53786556904525
2011,NORTH SIDE,FORT WORTH,0.7843219159008518,0.25278950634203445
2011,OZEN,BEAUMONT,0,0.15666602635685706
2011,PALO DURO,AMARILLO,0.3700222779170138,0.31183546436964277
2011,PARKLAND,EL PASO,0.22994987468671663,0.4395302408041354
2011,PASCHAL,FORT WORTH,0.9305207463101993,0.8379275353196476
2011,POLYTECHNIC,FORT WORTH,0.22994987468671663,0.12103570069913303
2011,RANDALL,AMARILLO,0.8229601782233228,0.8482563553047365
2011,RAY,CORPUS CHRISTI,0.5514480646059559,0.331480071109497
2011,REAGAN,HOUSTON,0.62378167641325,0.32804691130346586
2011,REAGAN,SAN ANTONIO,0.7735310498468285,0.9428727457813739
2011,RICHARDSON,RICHARDSON,0.6870648844332977,0.8020504584191918
2011,RIDER,WICHITA FALLS,0.3045808966861593,0.8200428401535101
2011,RIVER ROAD,AMARILLO,0.3567947646895007,0.5545542912919783
2011,RIVERSIDE,EL PASO,0.1675020885547201,0.08799737590005952
2011,ROOSEVELT,LUBBOCK,0.41757170704538954,0.4826658479728966
2011,ROOSEVELT,SAN ANTONIO,0.3045808966861593,0.4699396487106572
2011,SCARBOROUGH,HOUSTON,0.8541492620439834,0.2636365509569998
2011,SOUTH SAN ANTONIO,SAN ANTONIO,0,0.21738458478374784
2011,SOUTHSIDE,SAN ANTONIO,0.6452241715399548,0.1958593605478377
2011,SOUTHWEST,FORT WORTH,0.8654274575327044,0.3872091553603082
2011,SPRING WOODS,HOUSTON,0.0985797827903091,0.5701242163414582
2011,STERLING,HOUSTON,0,0.29639176227219344
2011,STEVENS,SAN ANTONIO,0.3941798941798931,0.40667638123644806
2011,STRATFORD,HOUSTON,0.47960178223335903,0.9605826305180849
2011,TAFT,SAN ANTONIO,0.7488861041492517,0.6725646221808497
2011,TASCOSA,AMARILLO,0,0.7947721169988125
2011,TAYLOR,HOUSTON,0.5295878585352239,0.9755460480137065
2011,TRIMBLE TECHNICAL,FORT WORTH,0.19890002784739624,0.2040380226999022
2011,TULOSO-MIDWAY,CORPUS CHRISTI,0.32101086048454414,0.6041793464309285
2011,UNIVERSITY,WACO,0.1675020885547201,0.20407771814648862
2011,VICTORIA EAST,VICTORIA,0,0.6853123357691014
2011,WARREN,SAN ANTONIO,0.1567808409913673,0.47339209722276865
2011,WEST OSO,CORPUS CHRISTI,0.22994987468671663,0.04241169555124279
2011,WESTERN HILLS,FORT WORTH,0.11194653299916457,0.46460903819865934
2011,WESTFIELD,HOUSTON,0.3497632971317175,0.22525107500577402
2011,WESTLAKE,AUSTIN,0.941729323308249,0.9929546381459644
2011,WESTSIDE,HOUSTON,0.47960178223335903,0.7326129450915944
2011,WESTWOOD,AUSTIN,0.9755639097744121,0.9936040280669698
2011,WICHITA FALLS,WICHITA FALLS,0.7389306599832817,0.4826658479728966
2011,WYLIE,ABILENE,0.991785018100782,0.9234641278967851
2011,YSLETA,EL PASO,0.22994987468671663,0.044408682667891775
2012,ABILENE,ABILENE,0,0.5720609549861363
2012,ALAMO HEIGHTS,SAN ANTONIO,0.3328460038986349,0.9476712450489883
2012,AMERICAS,EL PASO,0.4880952380952359,0.3252513341389867
2012,ANDERSON,AUSTIN,0.6699387357282022,0.9763156109621376
2012,ANDRESS,EL PASO,0.4017683096630453,0.24984011062814793
2012,AUSTIN,AUSTIN,0.1339459760512392,0.9033953054591257
2012,AUSTIN,EL PASO,0.8994012809802099,0.12991133715329126
2012,AUSTIN,HOUSTON,0.3700222779170138,0.10513556888391912
2012,BEL AIR,EL PASO,0.5167780562517377,0.20965975056840033
2012,BERKNER,RICHARDSON,0.19890002784739624,0.8341709814436374
2012,BOSWELL,FORT WORTH,0.3045808966861593,0.7366622568045244
2012,BOWIE,AUSTIN,0.62378167641325,0.9406481289453553
2012,BOWIE,EL PASO,0.08862433862433862,0.18602742849825024
2012,BRANDEIS,SAN ANTONIO,0.5766499582289015,0.7208499690586581
2012,BRENNAN,SAN ANTONIO,0.5689223057644073,0.40452110343268727
2012,BREWER,FORT WORTH,0.3045808966861593,0.4229975104821472
2012,BURBANK,SAN ANTONIO,0.7052353104984598,0.30884499395174714
2012,BURGES,EL PASO,0.6846282372598085,0.32759223700423934
2012,CALALLEN,CORPUS CHRISTI,0.7052353104984598,0.5353367319072142
2012,CANUTILLO,EL PASO,0.7568922305764307,0.1542642062887618
2012,CAPROCK,AMARILLO,0.1567808409913673,0.22802426013497157
2012,CARNEGIE VANGUARD,HOUSTON,0.7211779448621464,0.9950670335825786
2012,CARTER-RIVERSIDE,FORT WORTH,0.602269562795874,0.11846383490907225
2012,CENTRAL,SAN ANGELO,0.5215121136173739,0.7773915613185665
2012,CHAPIN,EL PASO,0.9188248398774519,0.44858198335378363
2012,CHURCHILL,SAN ANTONIO,0.3045808966861593,0.8842804694056041
2012,CLARK,SAN ANTONIO,0.5736563631300435,0.8574945588294665
2012,CLEAR LAKE,HOUSTON,0.9504316346421385,0.9801161861375604
2012,CORONADO,EL PASO,0.8044416597048053,0.7922877713615833
2012,CORONADO,LUBBOCK,0.3911166805903638,0.6943099320159833
2012,CROCKETT,AUSTIN,0.5768588137009149,0.3836802625504273
2012,CYPRESS FALLS,HOUSTON,0.715121136173759,0.7657506286697126
2012,DAVIS,HOUSTON,0.9251601225285233,0.1286814574889039
2012,DEL VALLE,EL PASO,0.917084377610674,0.09323064427454779
2012,DIAMOND HILL-JARVIS,FORT WORTH,0.22994987468671663,0.08162973098879632
2012,DOBIE,HOUSTON,0.8654274575327044,0.6270402351959907
2012,EAST CENTRAL,SAN ANTONIO,0.4191033138401542,0.3888486326836026
2012,EASTERN HILLS,FORT WORTH,0.19890002784739624,0.06513283001304275
2012,EASTWOOD,EL PASO,0.8044416597048053,0.3097666200310474
2012,ECONOMEDES,EDINBURG,0.19235588972431078,0.4555168583291138
2012,EDINBURG,EDINBURG,0.4164578111946517,0.437588518024679
2012,EDINBURG NORTH,EDINBURG,0.9548175995544192,0.4155638354189791
2012,EDISON,SAN ANTONIO,0,0.12857964321368986
2012,EISENHOWER,HOUSTON,0.6074909495962079,0.25220550576157613
2012,EL DORADO,EL PASO,0.4880256196045648,0.22184177008380612
2012,EL PASO,EL PASO,0.4148565859092159,0.6333262740430688
2012,ESTACADO,LUBBOCK,0.4191033138401542,0.058177297523129515
2012,FLOUR BLUFF,CORPUS CHRISTI,0.9589947089946863,0.7607424195803059
2012,FOX TECHNICAL,SAN ANTONIO,0.1339459760512392,0.30274844626651304
2012,FRANKLIN,EL PASO,0.7477722082985139,0.8014850778139417
2012,GRAPE CREEK,SAN ANGELO,0.1339459760512392,0.46892359574249126
2012,GREENWOOD,MIDLAND,0.1339459760512392,0.7245994176691566
2012,HASTINGS,HOUSTON,0.5291005291005262,0.25168654970730897
2012,HEALTH CAREERS,SAN ANTONIO,0.8394597605123779,0.9778642662739212
2012,HIGHLAND PARK,AMARILLO,0.6074909495962079,0.37274434987196703
2012,HIRSCHI,WICHITA FALLS,0.9940128098022578,0.5217961333813813
2012,HORIZON,EL PASO,0.5039682539682514,0.31892253831180045
2012,HUNTSVILLE,HUNTSVILLE,0.7634363686995163,0.32683325881163655
2012,IRVIN,EL PASO,0.3267195767195762,0.20499522735136003
2012,JAY,SAN ANTONIO,0.7672653856864278,0.5583222135928072
2012,JEFFERSON,EL PASO,0.38666109718741204,0.19449215072959786
2012,JOHNSON,SAN ANTONIO,0.7735310498468285,0.8918972304427355
2012,JONES,HOUSTON,0,0.0234317655021638
2012,KERR,HOUSTON,0.5287524366471706,0.874481566391726
2012,KING,CORPUS CHRISTI,0.9314257866889238,0.5226180140716019
2012,KLEIN FOREST,HOUSTON,0.60637705374547,0.37446298821219715
2012,LA VEGA,WACO,0,0.1962251145389698
2012,LAKE TRAVIS,AUSTIN,0.8851294903926308,0.9605510016376384
2012,LAKE VIEW,SAN ANGELO,0.6768309663046432,0.5855623387156971
2012,LAMAR,HOUSTON,0.6858813700918887,0.7891957792382298
2012,LANGHAM CREEK,HOUSTON,0.8953634085212848,0.8884151383449527
2012,LANIER,AUSTIN,0.5768588137009149,0.1301970524182186
2012,LEE,HOUSTON,0.22994987468671663,0.3561957633140762
2012,LEE,MIDLAND,0.6858813700918887,0.7778313563558978
2012,LEE,SAN ANTONIO,0.3045808966861593,0.3998610210065917
2012,LUBBOCK,LUBBOCK,0.95300751879697,0.8648471816212024
2012,MACARTHUR,HOUSTON,0.4501531606794746,0.2994779656939389
2012,MACARTHUR,SAN ANTONIO,0.8334725703146617,0.7715778032006961
2012,MADISON,SAN ANTONIO,0.62378167641325,0.6261798815828086
2012,MARSHALL,SAN ANTONIO,0.5511695906432714,0.6561406233190294
2012,MCCALLUM,AUSTIN,0.5768588137009149,0.8475033120986203
2012,MCCOLLUM,SAN ANTONIO,0.11194653299916457,0.16777341625930506
2012,MCNEIL,AUSTIN,0,0.9655697641361138
2012,MEMORIAL,HOUSTON,0.395293790030631,0.9890091886965429
2012,MIDLAND,MIDLAND,0.3818574213311046,0.756689482092181
2012,MILBY,HOUSTON,0,0.18164916388997068
2012,MISSION EARLY COLLEGE,EL PASO,0.5167780562517377,0.7681959475912269
2012,MONTWOOD,EL PASO,0.2271651350598718,0.42311227096908033
2012,MOODY,CORPUS CHRISTI,0.6074909495962079,0.09861381285349217
2012,MOUNTAIN VIEW,EL PASO,0.5039682539682514,0.20463841763563678
2012,NORTH SIDE,FORT WORTH,0.5712197159565543,0.15742869301817378
2012,NORTHBROOK,HOUSTON,0.3267195767195762,0.23205708345234646
2012,PALO DURO,AMARILLO,0.29866332497911396,0.2522777704913975
2012,PARKLAND,EL PASO,0.35582010582010504,0.27219861532585704
2012,PASCHAL,FORT WORTH,0.927944862155368,0.9014345656455061
2012,RANDALL,AMARILLO,0.8653578390420333,0.8079695103025928
2012,RAY,CORPUS CHRISTI,0.3567947646895007,0.23232382347878983
2012,REAGAN,HOUSTON,0.8334725703146617,0.21612938738651533
2012,REAGAN,SAN ANTONIO,0.9686716791979714,0.9127187199253961
2012,RICHARDSON,RICHARDSON,0.6768309663046432,0.841298106095657
2012,RIDER,WICHITA FALLS,0.5215121136173739,0.7929761879983034
2012,RIVER ROAD,AMARILLO,0.3567947646895007,0.4059308194569585
2012,RIVERSIDE,EL PASO,0.1675020885547201,0.4163812962160949
2012,ROOSEVELT,LUBBOCK,0.60637705374547,0.734970012435886
2012,ROOSEVELT,SAN ANTONIO,0.0985797827903091,0.45203735756345864
2012,SOUTHSIDE,SAN ANTONIO,0.7052353104984598,0.24764735254881332
2012,SOUTHWEST,FORT WORTH,0.6421609579504255,0.36428351463881103
2012,SOUTHWEST,SAN ANTONIO,0.22994987468671663,0.3672856147045223
2012,SPRING WOODS,HOUSTON,0.38666109718741204,0.4812898088173666
2012,STEVENS,SAN ANTONIO,0.3045808966861593,0.42607859393315634
2012,STRATFORD,HOUSTON,0.7390698969646239,0.9587570892786642
2012,TAFT,SAN ANTONIO,0.3191311612364238,0.6504555749961187
2012,TAYLOR,HOUSTON,0.692495126705645,0.5878174977444962
2012,TRANSMOUNTAIN EARLY COLLEGE,EL PASO,0,0.5014791281989678
2012,TRIMBLE TECHNICAL,FORT WORTH,0.6074909495962079,0.24427187078046492
2012,TULOSO-MIDWAY,CORPUS CHRISTI,0.11194653299916457,0.7544222441120123
2012,UNIVERSITY,WACO,0,0.1835799153035632
2012,VANDEGRIFT,AUSTIN,0.6810776942355814,0.9560740260833461
2012,VICTORIA EAST,VICTORIA,0.1675020885547201,0.4212226882997757
2012,WACO,WACO,0.11194653299916457,0.23114644963674946
2012,WALTRIP,HOUSTON,0.22994987468671663,0.29856408226426245
2012,WARREN,SAN ANTONIO,0.1567808409913673,0.5882588392219679
2012,WEST OSO,CORPUS CHRISTI,0,0.09221640941843903
2012,WESTERN HILLS,FORT WORTH,0.6074909495962079,0.27690360720955387
2012,WESTFIELD,HOUSTON,0.29866332497911396,0.11699346290495521
2012,WESTLAKE,AUSTIN,0.9016290726816857,0.9910677095023068
2012,WESTSIDE,HOUSTON,0.565859092174878,0.695676086493316
2012,WESTWOOD,AUSTIN,0.9849624060150127,0.99252089303323765
2012,WICHITA FALLS,WICHITA FALLS,0.11194653299916457,0.6008710094216652
2012,WYLIE,ABILENE,0.991785018100782,0.899416910565354
2012,YSLETA,EL PASO,0.5768588137009149,0.0345579216646985
2013,ABILENE,ABILENE,0.6162628794207691,0.5167502977315224
2013,ALAMO HEIGHTS,SAN ANTONIO,0.7835561125034695,0.9521405615450156
2013,ALDINE,HOUSTON,0,0.20805552790074758
2013,ALIEF EARLY COLLEGE,HOUSTON,0.64181286549707,0.4749199696329307
2013,AMARILLO,AMARILLO,0.22994987468671663,0.9021938677546246
2013,AMERICAS,EL PASO,0.7474937343358294,0.2920741013991604
2013,ANDERSON,AUSTIN,0.4191033138401542,0.9550352362655428
2013,ANDRESS,EL PASO,0.21560846560846553,0.27362093274749155
2013,AUSTIN,AUSTIN,0.3818574213311046,0.8971764218200529
2013,AUSTIN,EL PASO,0.9596908939013975,0.33733589657876417
2013,BEL AIR,EL PASO,0.4074770258980772,0.285517728097204
2013,BERKNER,RICHARDSON,0.28216374269005806,0.8089297242429734
2013,BOSWELL,FORT WORTH,0.662141464773037,0.7558256176419225
2013,BOWIE,AUSTIN,0.5215121136173739,0.9639301091811816
2013,BOWIE,EL PASO,0.38666109718741204,0.24393032693667155
2013,BRANDEIS,SAN ANTONIO,0.3700222779170138,0.813599921223503
2013,BRENNAN,SAN ANTONIO,0.9180590364800697,0.4288973259040675
2013,BREWER,FORT WORTH,0.4017683096630453,0.46458027232225707
2013,BURBANK,SAN ANTONIO,0.7422027290448242,0.1908521754525782
2013,BURGES,EL PASO,0.7034948482316817,0.40235398700271363
2013,CALALLEN,CORPUS CHRISTI,0.6195349484823117,0.6424533324071406
2013,CANUTILLO,EL PASO,0.8894458368142402,0.23513466651519896
2013,CARNEGIE VANGUARD,HOUSTON,0.7966443887496398,0.9948440222857915
2013,CARROLL,CORPUS CHRISTI,0.22994987468671663,0.5326587259891132
2013,CARTER-RIVERSIDE,FORT WORTH,0.28216374269005806,0.17702287327073513
2013,CENTRAL,SAN ANGELO,0.29580896686159797,0.8196949224685963
2013,CHAPIN,EL PASO,0.8070871623503078,0.626954094300582
2013,CHURCHILL,SAN ANTONIO,0.3045808966861593,0.7661432154870711
2013,CLEAR LAKE,HOUSTON,0.9445836814257648,0.9792855283546489
2013,COOPER,ABILENE,0.1339459760512392,0.48923776926761975
2013,CORONADO,EL PASO,0.8924394319130982,0.8318481134140805
2013,CORONADO,LUBBOCK,0.9126287942077224,0.5960923004082848
2013,CROCKETT,AUSTIN,0.4191033138401542,0.18905177431436482
2013,CYPRESS CREEK,HOUSTON,0.6573377889167297,0.852325896126535
2013,CYPRESS FALLS,HOUSTON,0.7419242550821398,0.8015245433842911
2013,DAVIS,HOUSTON,0.22807017543859634,0.07182302263177529
2013,DEL VALLE,EL PASO,0.9238373712057721,0.23084175913333815
2013,DIAMOND HILL-JARVIS,FORT WORTH,0,0.08677603300320597
2013,DOBIE,HOUSTON,0.44660261765524734,0.6606730199443126
2013,EAST CENTRAL,SAN ANTONIO,0.5768588137009149,0.4190195544430101
2013,EASTWOOD,EL PASO,0.722709551656911,0.4184196192597499
2013,ECONOMEDES,EDINBURG,0.2276524644945696,0.2033669721680062
2013,EDINBURG,EDINBURG,0.4555834029518221,0.4532048049316224
2013,EDINBURG NORTH,EDINBURG,0.9501531606794541,0.4234518399670178
2013,EDISON,SAN ANTONIO,0.27568922305764376,0.1111691827247757
2013,EISENHOWER,HOUSTON,0.7472848788638161,0.18699395358623233
2013,EL PASO,EL PASO,0.6791283764967901,0.6745493945101706
2013,ESTACADO,LUBBOCK,0.11194653299916457,0.05073516928378673
2013,FLOUR BLUFF,CORPUS CHRISTI,0.9655388471177713,0.7661432154870711
2013,FOX TECHNICAL,SAN ANTONIO,0.4191033138401542,0.09273232483702401
2013,FRANKLIN,EL PASO,0.7006404901141658,0.6978194420795051
2013,GRAPE CREEK,SAN ANGELO,0.3045808966861593,0.5997774672637426
2013,GREENWOOD,MIDLAND,0,0.625394676601332
2013,HASTINGS,HOUSTON,0.0985797827903091,0.16588116911543366
2013,HEALTH CAREERS,SAN ANTONIO,0.7634363686995163,0.9734140086077367
2013,HIGHLAND PARK,AMARILLO,0.4022556390977431,0.6446330502344775
2013,HIGHLANDS,SAN ANTONIO,0.1339459760512392,0.12287278799501025
2013,HIRSCHI,WICHITA FALLS,0.979114452798639,0.35818953738786513
2013,HUNTSVILLE,HUNTSVILLE,0.5034809245335536,0.5473547347274195
2013,IRVIN,EL PASO,0.08862433862433862,0.37194512244002476
2013,JAY,SAN ANTONIO,0.9148565859091982,0.6576047677669039
2013,JEFFERSON,EL PASO,0.47403230297966925,0.3820171706682265
2013,JOHNSON,SAN ANTONIO,0.5768588137009149,0.9055244505142914
2013,JONES,HOUSTON,0,0.033235872078137184
2013,KERR,HOUSTON,0.5295182400445528,0.8958935138873247
2013,KILGORE,KILGORE,0,0.5588971549597384
2013,KING,CORPUS CHRISTI,0.6452241715399548,0.4472205622371518
2013,KLEIN FOREST,HOUSTON,0.3368142578668888,0.3031018914300382
2013,LA VEGA,WACO,0.22994987468671663,0.13978276611998755
2013,LAKE TRAVIS,AUSTIN,0.8750348092453188,0.9664030237000729
2013,LAKE VIEW,SAN ANGELO,0.7052353104984598,0.4617018561210479
2013,LAMAR,HOUSTON,0.1675020885547201,0.6896523573306566
2013,LANGHAM CREEK,HOUSTON,0.2642021720969087,0.8725351207004886
2013,LEE,HOUSTON,0,0.3091488746638685
2013,LEE,MIDLAND,0.682052353104977,0.7830467048328089
2013,LEE,SAN ANTONIO,0.5768588137009149,0.3134733952527963
2013,LUBBOCK,LUBBOCK,0.9744500139236741,0.8241889715579562
2013,MACARTHUR,HOUSTON,0.5490810359231378,0.3144324075673919
2013,MACARTHUR,SAN ANTONIO,0.9081035923140998,0.7473946558706751
2013,MADISON,SAN ANTONIO,0.4191033138401542,0.5208955200799397
2013,MARSHALL,SAN ANTONIO,0.7565441381230752,0.5836806345319745
2013,MAYDE CREEK,HOUSTON,0.08862433862433862,0.6410451941697697
2013,MCCALLUM,AUSTIN,0.8541492620439834,0.9090129164531953
2013,MCCOLLUM,SAN ANTONIO,0.19890002784739624,0.12857964321368986
2013,MEMORIAL,HOUSTON,0.5274296853244194,0.9850319640817966
2013,MIDLAND,MIDLAND,0.682052353104977,0.6943099320159833
2013,MILBY,HOUSTON,0.5039682539682514,0.11560669270871865
2013,MISSION EARLY COLLEGE,EL PASO,0.3661236424394311,0.8233708524788889
2013,MONTEREY,LUBBOCK,0.3567947646895007,0.483227571456192
2013,MONTWOOD,EL PASO,0.8210108604845316,0.42676294594004693
2013,MOODY,CORPUS CHRISTI,0.41074909495961986,0.15757426736980373
2013,MOUNTAIN VIEW,EL PASO,0.3567947646895007,0.17045226853991563
2013,NORTH SIDE,FORT WORTH,0.28216374269005806,0.2889350159939526
2013,NORTHBROOK,HOUSTON,0.1339459760512392,0.1542642062887618
2013,OZEN,BEAUMONT,0.270119743803954,0.08894750663276535
2013,PALO DURO,AMARILLO,0,0.37384789164620524
2013,PARKLAND,EL PASO,0.4053188526872724,0.2670413210477441
2013,PASCHAL,FORT WORTH,0.9181982734614119,0.8387782759265494
2013,PEARCE,RICHARDSON,0.22243107769423548,0.9586177111365173
2013,RANDALL,AMARILLO,0.7422027290448242,0.8367500674373285
2013,RAY,CORPUS CHRISTI,0.6892230576441024,0.5750109358395356
2013,REAGAN,AUSTIN,0,0.18839773462401738
2013,REAGAN,HOUSTON,0.9903230297966885,0.28715034048014365
2013,REAGAN,SAN ANTONIO,0.957602339181264,0.9229376590691314
2013,RICHARDSON,RICHARDSON,0.6596351991088766,0.8466880873703568
2013,RIDER,WICHITA FALLS,0.270119743803954,0.8290726504203514
2013,RIVER ROAD,AMARILLO,0,0.5972262171925856
2013,RIVERSIDE,EL PASO,0.08862433862433862,0.15847566434023558
2013,ROOSEVELT,LUBBOCK,0.5039682539682514,0.5285253109201492
2013,ROOSEVELT,SAN ANTONIO,0.1675020885547201,0.3519702462409172
2013,SHARPSTOWN,HOUSTON,0.22994987468671663,0.19938129437708513
2013,SOUTH SAN ANTONIO,SAN ANTONIO,0.22994987468671663,0.160780790103853
2013,SOUTHSIDE,SAN ANTONIO,0.7906571985519237,0.3590866085054708
2013,SOUTHWEST,FORT WORTH,0,0.4611702359758983
2013,SOUTHWEST,SAN ANTONIO,0,0.24603631718540536
2013,SPRING WOODS,HOUSTON,0.22994987468671663,0.541835573456366
2013,STEVENS,SAN ANTONIO,0.5386382623224698,0.3701013896311104
2013,STRATFORD,HOUSTON,0.7052353104984598,0.9501776588049828
2013,TAFT,SAN ANTONIO,0.26837928153717594,0.6640565160342013
2013,TAYLOR,HOUSTON,0.7419242550821398,0.5800054672928329
2013,TRANSMOUNTAIN EARLY COLLEGE,EL PASO,0,0.6885626812730861
2013,TRIMBLE TECHNICAL,FORT WORTH,0.62378167641325,0.2840347337978838
2013,TULOSO-MIDWAY,CORPUS CHRISTI,0.28216374269005806,0.6394077334880104
2013,UNIVERSITY,WACO,0.0985797827903091,0.1826347269099559
2013,VANDEGRIFT,AUSTIN,0.8900027847396091,0.9765409314702158
2013,VICTORIA EAST,VICTORIA,0.46324143692564534,0.31001802104312126
2013,VICTORIA WEST,VICTORIA,0.1675020885547201,0.587418181822741
2013,WACO,WACO,0.19890002784739624,0.24977813808439853
2013,WALTRIP,HOUSTON,0.3045808966861593,0.3013596594287416
2013,WARREN,SAN ANTONIO,0,0.5109577613699081
2013,WESTERN HILLS,FORT WORTH,0.5768588137009149,0.2637466721235104
2013,WESTFIELD,HOUSTON,0.3043720412141459,0.11776679791345934
2013,WESTLAKE,AUSTIN,0.8049986076301743,0.9913544174146218
2013,WESTSIDE,HOUSTON,0.7422027290448242,0.7166743717001782
2013,WESTWOOD,AUSTIN,0.9779309384572301,0.9931262303080709
2013,WICHITA FALLS,WICHITA FALLS,0,0.5754683895514474
2013,WYLIE,ABILENE,0.997076023391787,0.9071429986510859
2013,YSLETA,EL PASO,0.6437621832358613,0.040128878231547885
2014,ABILENE,ABILENE,0.29580896686159797,0.5178685097892582
2014,ALAMO HEIGHTS,SAN ANTONIO,0.4680451127819528,0.9622859820885452
2014,ALDINE,HOUSTON,0,0.22720862789883334
2014,ALIEF EARLY COLLEGE,HOUSTON,0.790796435533266,0.3564232206262679
2014,AMARILLO,AMARILLO,0.22994987468671663,0.8894267714200138
2014,AMERICAS,EL PASO,0.13095238095238093,0.36299408658008425
2014,ANDERSON,AUSTIN,0.32101086048454414,0.9740979217599929
2014,ANDRESS,EL PASO,0.2804928989139511,0.29143354081544526
2014,AUSTIN,AUSTIN,0.19890002784739624,0.9076021764347764
2014,AUSTIN,EL PASO,0.8831801726538394,0.14082357257932593
2014,BEL AIR,EL PASO,0.46755778334725495,0.21113012257251737
2014,BERKNER,RICHARDSON,0.3045808966861593,0.7040774464745718
2014,BOSQUEVILLE,WACO,0.3045808966861593,0.862082501912779
2014,BOSWELL,FORT WORTH,0.22994987468671663,0.5828589523712314
2014,BOWIE,AUSTIN,0.729810637705365,0.947024018054396
2014,BOWIE,EL PASO,0.0985797827903091,0.15733377503007406
2014,BRACKENRIDGE,SAN ANTONIO,0.6421609579504255,0.07696932464618494
2014,BRANDEIS,SAN ANTONIO,0.6393762183235809,0.8367441324508422
2014,BRENNAN,SAN ANTONIO,0.8995405179615521,0.45965452610846497
2014,BREWER,FORT WORTH,0.6752993595098786,0.4858724856450645
2014,BURBANK,SAN ANTONIO,0.5712197159565543,0.0969065742848404
2014,BURGES,EL PASO,0.6929824561403428,0.3280982155000278
2014,CALALLEN,CORPUS CHRISTI,0.5215121136173739,0.6718865813215604
2014,CANUTILLO,EL PASO,0.9498050682260984,0.21113012257251737
2014,CARNEGIE VANGUARD,HOUSTON,0.7052353104984598,0.9962285982088557
2014,CARROLL,CORPUS CHRISTI,0.4191033138401542,0.4680964174498965
2014,CARTER-RIVERSIDE,FORT WORTH,0.3510860484544688,0.11190983351192628
2014,CASTLEBERRY,FORT WORTH,0.1675020885547201,0.18041025635881552
2014,CENTRAL,SAN ANGELO,0.7192286271233551,0.7466268483407823
2014,CHAPEL HILL,MT PLEASANT,0.3357003620161509,0.7392459925675576
2014,CHAPIN,EL PASO,0.9023252575883969,0.5113589163015602
2014,CHISHOLM TRAIL,FORT WORTH,0.6150097465886889,0.9182473165710925
2014,CHURCHILL,SAN ANTONIO,0.3045808966861593,0.8465221062782207
2014,CLARK,SAN ANTONIO,0.5585491506544102,0.8886664453167478
2014,CLEAR LAKE,HOUSTON,0.8541492620439834,0.9872252446071248
2014,COOPER,ABILENE,0.4981899192425485,0.42319482788497365
2014,CORONADO,EL PASO,0.9069896964633618,0.8469120913145314
2014,CORONADO,LUBBOCK,0.8862433862433686,0.44307088864887006
2014,CROCKETT,AUSTIN,0.5295878585352239,0.21282643157098502
2014,CYPRESS CREEK,HOUSTON,0.5632135895293754,0.8554913755033345
2014,CYPRESS FALLS,HOUSTON,0.21560846560846553,0.7615662960142215
2014,CYPRESS RIDGE,HOUSTON,0.5174742411584489,0.6313294854558972
2014,DAVIS,HOUSTON,0.5437900306321327,0.12894170873610786
2014,DEL VALLE,EL PASO,0.9165970481759761,0.45233189171675653
2014,DIAMOND HILL-JARVIS,FORT WORTH,0.22994987468671663,0.16193103854991062
2014,DOBIE,HOUSTON,0.4981899192425485,0.6160157470237919
2014,EAST CENTRAL,SAN ANTONIO,0.560080757449175,0.3134883581060504
2014,EASTERN HILLS,FORT WORTH,0,0.052335243730251016
2014,EASTWOOD,EL PASO,0.6571289334447163,0.3355838948373892
2014,ECONOMEDES,EDINBURG,0.4527290448343061,0.17087175087701958
2014,EDINBURG,EDINBURG,0.08284600389863547,0.3459930565673589
2014,EDINBURG NORTH,EDINBURG,0.9785575048732701,0.362846673218557
2014,EDISON,SAN ANTONIO,0.11194653299916457,0.1346364641055779
2014,EISENHOWER,HOUSTON,0.7647591200222675,0.1990127400754278
2014,EL DORADO,EL PASO,0.1672236145920356,0.23070717704541152
2014,EL PASO,EL PASO,0.7288359788359694,0.725203710052003
2014,ESTACADO,LUBBOCK,0.28216374269005806,0.025343249107515956
2014,FLOUR BLUFF,CORPUS CHRISTI,0.9689501531606559,0.8422721753037852
2014,FOX TECHNICAL,SAN ANTONIO,0.4191033138401542,0.33682333526345776
2014,FRANKLIN,EL PASO,0.8101503759398371,0.7111814685647584
2014,GRAPE CREEK,SAN ANGELO,0.21560846560846553,0.508770677054063
2014,GREENWOOD,MIDLAND,0.662141464773037,0.5309883825565226
2014,HASTINGS,HOUSTON,0.3043720412141459,0.22184177008380612
2014,HEALTH CAREERS,SAN ANTONIO,0.8719019771651185,0.9762077154155592
2014,HIGHLAND PARK,AMARILLO,0.5768588137009149,0.5435110682064525
2014,HIGHLANDS,SAN ANTONIO,0.28216374269005806,0.1013318381346956
2014,HIRSCHI,WICHITA FALLS,0.9856585909217238,0.34928572019681725
2014,HOLMES,SAN ANTONIO,0,0.27080571161365674
2014,HUNTSVILLE,HUNTSVILLE,0.4017683096630453,0.4777566215014191
2014,IRVIN,EL PASO,0.38666109718741204,0.33158341092701193
2014,JAY,SAN ANTONIO,0.9586466165413308,0.6212486392371648
2014,JEFFERSON,EL PASO,0.21560846560846553,0.3597244001254201
2014,JOHNSON,SAN ANTONIO,0.5295878585352239,0.9054374841542127
2014,JONES,HOUSTON,0,0.00836378566540268
2014,KERR,HOUSTON,0.6852548036758486,0.9419489254289009
2014,KING,CORPUS CHRISTI,0.7966443887496398,0.5876216431904511
2014,KLEIN FOREST,HOUSTON,0.270119743803954,0.34825096366208375
2014,LA VEGA,WACO,0.1675020885547201,0.2400707885064221
2014,LAKE TRAVIS,AUSTIN,0.8892369813422268,0.9686380476602823
2014,LAKE VIEW,SAN ANGELO,0.8229601782233228,0.38115318083092964
2014,LAMAR,HOUSTON,0.5407964355332745,0.6781401344767624
2014,LANGHAM CREEK,HOUSTON,0.8070871623503078,0.8088070643726185
2014,LANIER,AUSTIN,0.62378167641325,0.10616991791077776
2014,LEE,HOUSTON,0,0.27925630168087995
2014,LEE,MIDLAND,0.4695071010860464,0.8100313329670357
2014,LEE,SAN ANTONIO,0.6699387357282022,0.4420308763074417
2014,LONDON,CORPUS CHRISTI,0.7235449735449644,0.9341273342155566
2014,LUBBOCK,LUBBOCK,0.9578111946532774,0.6515382084816971
2014,MACARTHUR,HOUSTON,0.5444165970481728,0.30878503804953267
2014,MACARTHUR,SAN ANTONIO,0.8998189919242365,0.739136895395194
2014,MADISON,SAN ANTONIO,0.22994987468671663,0.39747431007662876
2014,MARSHALL,SAN ANTONIO,0.4153439153439138,0.4927832340644146
2014,MCCALLUM,AUSTIN,0.8334725703146617,0.9115558700819755
2014,MCCOLLUM,SAN ANTONIO,0.3700222779170138,0.18375536311710172
2014,MCNEIL,AUSTIN,0.3368142578668888,0.9646140223334378
2014,MEMORIAL,HOUSTON,0.7159565580618124,0.9836033355125604
2014,MIDLAND,MIDLAND,0.41074909495961986,0.6842118973240647
2014,MILBY,HOUSTON,0.1339459760512392,0.22036800218073135
2014,MISSION EARLY COLLEGE,EL PASO,0.5035505430242248,0.8262021231536443
2014,MONTWOOD,EL PASO,0.8693260930102872,0.4524369556060501
2014,MOODY,CORPUS CHRISTI,0.5651629072681668,0.1321820546237766
2014,MOUNTAIN VIEW,EL PASO,0.22994987468671663,0.1981908489362874
2014,NORTH CROWLEY,FORT WORTH,0,0.30491401625634573
2014,NORTH HOUSTON EARLY COLLEGE,HOUSTON,0.11194653299916457,0.6638053240005248
2014,NORTH SIDE,FORT WORTH,0.5004177109440243,0.15847566434023558
2014,NORTHBROOK,HOUSTON,0,0.16493767344684537
2014,OZEN,BEAUMONT,0.08862433862433862,0.08698144831893177
2014,PALO DURO,AMARILLO,0,0.26158315012197214
2014,PARKLAND,EL PASO,0.4057365636312992,0.14196230631568663
2014,PASCHAL,FORT WORTH,0.8998189919242365,0.7531534840167884
2014,PEARCE,RICHARDSON,0.28216374269005806,0.9292245965233183
2014,RANDALL,AMARILLO,0.4022556390977431,0.7934671409473188
2014,RAY,CORPUS CHRISTI,0.7929546087440706,0.4805234014427363
2014,REAGAN,AUSTIN,0.1675020885547201,0.1191240394621431
2014,REAGAN,HOUSTON,0.9257866889445633,0.21801503081302875
2014,REAGAN,SAN ANTONIO,0.9493177387914007,0.9323179888019342
2014,RICHARDSON,RICHARDSON,0.5514480646059559,0.6949587994909951
2014,RIVER ROAD,AMARILLO,0.560080757449175,0.49936029622771394
2014,RIVERSIDE,EL PASO,0.32052353104984627,0.500898711598025
2014,ROOSEVELT,LUBBOCK,0.560080757449175,0.3050922748293292
2014,ROOSEVELT,SAN ANTONIO,0.3045808966861593,0.49111697615949335
2014,SOUTH SAN ANTONIO,SAN ANTONIO,0.1339459760512392,0.23228196510579024
2014,SOUTHSIDE,SAN ANTONIO,0.8502506265664008,0.39243034478342675
2014,SOUTHWEST,FORT WORTH,0.19890002784739624,0.27414421465458494
2014,SOUTHWEST,SAN ANTONIO,0,0.13651412455731063
2014,SPRING WOODS,HOUSTON,0.300403787245892,0.5326587259891132
2014,STEVENS,SAN ANTONIO,0.21560846560846553,0.31788111536618985
2014,STRATFORD,HOUSTON,0.7160261765524835,0.9587570892786642
2014,TAYLOR,HOUSTON,0.5979532163742646,0.5716502027215842
2014,TLC ACADEMY,SAN ANGELO,0.8314536340851993,0.32362887810616053
2014,TRANSMOUNTAIN EARLY COLLEGE,EL PASO,0,0.7520276442475475
2014,TRIMBLE TECHNICAL,FORT WORTH,0.4501531606794746,0.1908521754525782
2014,TULOSO-MIDWAY,CORPUS CHRISTI,0.11194653299916457,0.63588763866866
2014,VANDEGRIFT,AUSTIN,0.9621971595655576,0.9752128319590498
2014,VICTORIA EAST,VICTORIA,0.5712197159565543,0.43276323817543766
2014,VICTORIA WEST,VICTORIA,0.4078251183514328,0.4990770155611162
2014,WACO,WACO,0.0985797827903091,0.1781311797524341
2014,WALTRIP,HOUSTON,0.62378167641325,0.16669922550098182
2014,WARREN,SAN ANTONIO,0.41214146477304225,0.4951860781266571
2014,WESTBURY,HOUSTON,0,0.04807116491831159
2014,WESTERN HILLS,FORT WORTH,0.6223893065998276,0.13843113564127402
2014,WESTFIELD,HOUSTON,0.1567808409913673,0.11770116824775545
2014,WESTLAKE,AUSTIN,0.6596351991088766,0.9931923824197684
2014,WESTSIDE,HOUSTON,0.6223893065998276,0.6110900008099999
2014,WESTWOOD,AUSTIN,0.9646338067390469,0.9936236720363256
2014,WICHITA FALLS,WICHITA FALLS,0.0985797827903091,0.42879323376432166
2014,WILLOWRIDGE,HOUSTON,0,0.056634577197832076
2014,WYLIE,ABILENE,0.9958228905597069,0.889854435261376
2014,YSLETA,EL PASO,0.8098719019771526,0.08854047940814642
2015,ABILENE,ABILENE,0.19890002784739624,0.4773198044062506
2015,ALAMO HEIGHTS,SAN ANTONIO,0.6846282372598085,0.9343302940351127
2015,ALDINE,HOUSTON,0.3368142578668888,0.14665969138571822
2015,ALIEF EARLY COLLEGE,HOUSTON,0.32101086048454414,0.5525716296444713
2015,AMARILLO,AMARILLO,0.7052353104984598,0.6770575532357834
2015,AMERICAS,EL PASO,0.461292119186854,0.27842074857900945
2015,ANDERSON,AUSTIN,0.5632135895293754,0.9802018359337353
2015,ANDRESS,EL PASO,0.5020189362294601,0.20345834797227008
2015,AUSTIN,AUSTIN,0.47403230297966925,0.9124351989336416
2015,AUSTIN,EL PASO,0.8834586466165238,0.11074119496689741
2015,BEL AIR,EL PASO,0.8016569200779604,0.23451768914363075
2015,BERKNER,RICHARDSON,0.19890002784739624,0.563688872878357
2015,BOSQUEVILLE,WACO,0.1339459760512392,0.45352959915686375
2015,BOSWELL,FORT WORTH,0.270119743803954,0.7320305849915556
2015,BOWIE,AUSTIN,0.7282790309106005,0.9497954791118149
2015,BOWIE,EL PASO,0,0.10177364981356202
2015,BRACKENRIDGE,SAN ANTONIO,0.8257449178501677,0.11045030748663437
2015,BRANDEIS,SAN ANTONIO,0.5386382623224698,0.7528665148814767
2015,BRENNAN,SAN ANTONIO,0.8043024227234631,0.3614843116991371
2015,BREWER,FORT WORTH,0.5402394876079056,0.35843780372397815
2015,BURBANK,SAN ANTONIO,0.8229601782233228,0.08070418656454478
2015,BURGES,EL PASO,0.3661236424394311,0.26142549681897254
2015,CALALLEN,CORPUS CHRISTI,0.1567808409913673,0.5836806345319745
2015,CANUTILLO,EL PASO,0.9744500139236741,0.2593669760132087
2015,CARNEGIE VANGUARD,HOUSTON,0.6852548036758486,0.997897426548065
2015,CARROLL,CORPUS CHRISTI,0.3567947646895007,0.3252513341389867
2015,CARTER-RIVERSIDE,FORT WORTH,0.4533556112503462,0.10633180302632485
2015,CASTLEBERRY,FORT WORTH,0.3368142578668888,0.3926526560025825
2015,CENTRAL,SAN ANGELO,0.47960178223335903,0.634928595007305
2015,CHAPEL HILL,MT PLEASANT,0.3328460038986349,0.5355465357692855
2015,CHAPIN,EL PASO,0.8577694235588816,0.342560210228924
2015,CHISHOLM TRAIL,FORT WORTH,0.7719994430520639,0.36245174584314777
2015,CHURCHILL,SAN ANTONIO,0.19890002784739624,0.7857281588944671
2015,CLARK,SAN ANTONIO,0.41304650515176683,0.7872732197778155
2015,CLEAR LAKE,HOUSTON,0.8803954330269947,0.9758744993609025
2015,COOPER,ABILENE,0,0.5156021808651183
2015,CORONADO,EL PASO,0.9356028961291909,0.7457340403824835
2015,CORONADO,LUBBOCK,0.8998189919242365,0.3692266478552671
2015,CROCKETT,AUSTIN,0,0.22203014321122383
2015,CYPRESS CREEK,HOUSTON,0.7192286271233551,0.8110197276443057
2015,CYPRESS FALLS,HOUSTON,0.5677387914229982,0.7017715579398036
2015,DEL VALLE,EL PASO,0.9365775549985865,0.3154006253803928
2015,DIAMOND HILL-JARVIS,FORT WORTH,0.11194653299916457,0.03504741176493207
2015,DOBIE,HOUSTON,0.22994987468671663,0.5213238839989333
2015,EAST CENTRAL,SAN ANTONIO,0.4501531606794746,0.38408293257546045
2015,EASTERN HILLS,FORT WORTH,0,0.03269510912810116
2015,EASTWOOD,EL PASO,0.6162628794207691,0.4546642891612349
2015,ECONOMEDES,EDINBURG,0.4191033138401542,0.17852636835084024
2015,EDINBURG,EDINBURG,0.3911166805903638,0.27814623455618265
2015,EDINBURG NORTH,EDINBURG,0.9962406015037336,0.3475585764358129
2015,EDISON,SAN ANTONIO,0.5514480646059559,0.07817435677912127
2015,EISENHOWER,HOUSTON,0.6699387357282022,0.15733561403997123
2015,EL PASO,EL PASO,0.5902951824004414,0.3355838948373892
2015,ESTACADO,LUBBOCK,0.19890002784739624,0.03475333736410866
2015,FLOUR BLUFF,CORPUS CHRISTI,0.929754942912817,0.7778313563558978
2015,FOX TECHNICAL,SAN ANTONIO,0.3700222779170138,0.1446150571944617
2015,FRANKLIN,EL PASO,0.790796435533266,0.6879648776694791
2015,GRAPE CREEK,SAN ANGELO,0.4112364243943177,0.35427948887896354
2015,GREENWOOD,MIDLAND,0.28216374269005806,0.5473547347274195
2015,HASTINGS,HOUSTON,0.3045808966861593,0.2238965188294969
2015,HEALTH CAREERS,SAN ANTONIO,0.44869117237538103,0.9744088920642462
2015,HIGHLAND PARK,AMARILLO,0.4577415761626268,0.4125197829399897
2015,HIGHLANDS,SAN ANTONIO,0,0.06457458602006409
2015,HIRSCHI,WICHITA FALLS,0.9892091339459507,0.34201357498592094
2015,HOLMES,SAN ANTONIO,0,0.1835799153035632
2015,HUNTSVILLE,HUNTSVILLE,0.32101086048454414,0.33750859632637686
2015,IRVIN,EL PASO,0.3700222779170138,0.08207212780717546
2015,JAY,SAN ANTONIO,0.9695071010860248,0.4777566215014191
2015,JEFFERSON,EL PASO,0.22069061542745744,0.10074438941068009
2015,JEFFERSON,SAN ANTONIO,0.5712197159565543,0.0505107264849775
2015,JOHNSON,SAN ANTONIO,0.636521860206065,0.9089691250300195
2015,KERR,HOUSTON,0.38861041492620346,0.8804082459866323
2015,KING,CORPUS CHRISTI,0.8049986076301743,0.47076136221815984
2015,KLEIN FOREST,HOUSTON,0,0.4017689624281081
2015,LA VEGA,WACO,0.4685324422166507,0.06342731551616954
2015,LAKE TRAVIS,AUSTIN,0.8846421609579329,0.9561398856252872
2015,LAKE VIEW,SAN ANGELO,0.5039682539682514,0.3252513341389867
2015,LAMAR,HOUSTON,0.472152603731549,0.6514843651976066
2015,LANGHAM CREEK,HOUSTON,0.689571150097458,0.8003583603354317
2015,LANIER,AUSTIN,0.6452241715399548,0.31788111536618985
2015,LEE,HOUSTON,0.4191033138401542,0.20636880578626074
2015,LEE,MIDLAND,0.22994987468671663,0.622323007627126
2015,LIBERTY,HOUSTON,0.4191033138401542,0.3279933083445323
2015,LONDON,CORPUS CHRISTI,0.8043720412141342,0.7280031428679139
2015,LUBBOCK,LUBBOCK,0.9551656920077748,0.6128875702909283
2015,MACARTHUR,HOUSTON,0.27568922305764376,0.26124621425184186
2015,MACARTHUR,SAN ANTONIO,0.8913255360623603,0.6494885797067427
2015,MADISON,SAN ANTONIO,0.19890002784739624,0.394386528867983
2015,MARSHALL,SAN ANTONIO,0.5261765524923392,0.5511337328833104
2015,MAYDE CREEK,HOUSTON,0,0.5669974084170977
2015,MCCALLUM,AUSTIN,0.7568922305764307,0.8623357105879907
2015,MCCOLLUM,SAN ANTONIO,0.21449456975772757,0.09728729112922647
2015,MCNEIL,AUSTIN,0.6031746031745985,0.9459284592549384
2015,MEMORIAL,HOUSTON,0.8541492620439834,0.9830151867109135
2015,MEMORIAL,SAN ANTONIO,0.41757170704538954,0.09442108971534549
2015,MIDLAND,MIDLAND,0.4896268448900006,0.6853123357691014
2015,MISSION EARLY COLLEGE,EL PASO,0.0847953216374269,0.9084923512652678
2015,MONTWOOD,EL PASO,0.7725563909774328,0.48420622774014327
2015,MOODY,CORPUS CHRISTI,0.29866332497911396,0.07983266305602152
2015,NORTH SIDE,FORT WORTH,0.8416875522138536,0.2061828620327128
2015,NORTHBROOK,HOUSTON,0.1675020885547201,0.1147143862985738
2015,OZEN,BEAUMONT,0.4191033138401542,0.09821085025870273
2015,PALO DURO,AMARILLO,0,0.19522859060204084
2015,PARKLAND,EL PASO,0.47403230297966925,0.14494061419085363
2015,PASCHAL,FORT WORTH,0.9344193817877819,0.7000475070590808
2015,POLYTECHNIC,FORT WORTH,0.11194653299916457,0.0395782619500744
2015,RANDALL,AMARILLO,0.4191033138401542,0.7447436917571979
2015,RAY,CORPUS CHRISTI,0.8350041771094263,0.45048676920149916
2015,REAGAN,AUSTIN,0,0.07199879436182971
2015,REAGAN,HOUSTON,0.19890002784739624,0.19784436275339573
2015,REAGAN,SAN ANTONIO,0.9398496240601291,0.9313577748615538
2015,RICHARDSON,RICHARDSON,0.752436647173479,0.7318811549884938
2015,RIDER,WICHITA FALLS,0.1567808409913673,0.7298929345156158
2015,RIVER ROAD,AMARILLO,0.7422027290448242,0.3335149982541944
2015,RIVERSIDE,EL PASO,0.4981899192425485,0.18423646273467958
2015,ROOSEVELT,LUBBOCK,0.3818574213311046,0.2984834061539455
2015,ROOSEVELT,SAN ANTONIO,0.300403787245892,0.450877631947079
2015,SHARPSTOWN,HOUSTON,0.3045808966861593,0.10478791242200194
2015,SOUTH SAN ANTONIO,SAN ANTONIO,0.5215121136173739,0.16927237650818666
2015,SOUTHSIDE,SAN ANTONIO,0.4457671957671939,0.18478894937280985
2015,SOUTHWEST,FORT WORTH,0.7052353104984598,0.28197845950989214
2015,SOUTHWEST,SAN ANTONIO,0,0.17133504553513892
2015,SPRING WOODS,HOUSTON,0,0.32547376029626107
2015,STEVENS,SAN ANTONIO,0.44625452520189174,0.21864220633039028
2015,STRATFORD,HOUSTON,0.36772486772486684,0.919185462392707
2015,TAFT,SAN ANTONIO,0.4191033138401542,0.5943496295523536
2015,TASCOSA,AMARILLO,0.1339459760512392,0.4662292477137135
2015,TAYLOR,HOUSTON,0.6159147869674135,0.581288929018314
2015,TLC ACADEMY,SAN ANGELO,0.4766778056251719,0.7469489780914568
2015,TRANSMOUNTAIN EARLY COLLEGE,EL PASO,0.1339459760512392,0.566301249130754
2015,TRIMBLE TECHNICAL,FORT WORTH,0.4191033138401542,0.14710860833009629
2015,TULOSO-MIDWAY,CORPUS CHRISTI,0.4688805346700063,0.5803042750543569
2015,UNIVERSITY,WACO,0.689571150097458,0.29432958434447526
2015,VALLE VERDE EARLY COLLEGE,EL PASO,0.1567808409913673,0.7282076177808514
2015,VANDEGRIFT,AUSTIN,0.9664438874964957,0.9755460480137065
2015,VICTORIA EAST,VICTORIA,0.5021581732108024,0.4733497999951346
2015,VICTORIA WEST,VICTORIA,0.5490810359231378,0.3519702462409172
2015,WACO,WACO,0.27568922305764376,0.08448020677827284
2015,WALTRIP,HOUSTON,0.4191033138401542,0.11721185577915966
2015,WARREN,SAN ANTONIO,0.722709551656911,0.5334390199782507
2015,WESTERN HILLS,FORT WORTH,0.6452241715399548,0.25069727732076985
2015,WESTFIELD,HOUSTON,0.472152603731549,0.13001344399826165
2015,WESTLAKE,AUSTIN,0.7390698969646239,0.9891172305279996
2015,WESTSIDE,HOUSTON,0.4685324422166507,0.5964189336434235
2015,WESTWOOD,AUSTIN,0.8416875522138536,0.9923519026521792
2015,WICHITA FALLS,WICHITA FALLS,0.21560846560846553,0.2758006505748284
2015,WILLOWRIDGE,HOUSTON,0,0.06266310241471194
2015,WYLIE,ABILENE,0.998816485658565,0.9320853018053474
2015,YSLETA,EL PASO,0,0.06191824071285373
